Time,Open,High,Low,Close,Volume
2022-01-22 08:55:00,35604.26,35638.08,35571.09,35596.19,2.302369
2022-01-22 09:00:00,35598.88,35684.56,35541.12,35684.56,3.460093
2022-01-22 09:05:00,35678.64,35733.0,35481.89,35481.89,2.522861
2022-01-22 09:10:00,35480.11,35525.9,35400.01,35507.98,2.891265
2022-01-22 09:15:00,35510.3,35618.8,35466.19,35547.02,2.764356
2022-01-22 09:20:00,35550.35,35575.06,35416.22,35429.59,2.446054
2022-01-22 09:25:00,35424.59,35498.86,35380.0,35423.27,2.559045
2022-01-22 09:30:00,35420.99,35484.63,35328.66,35351.03,2.645935
2022-01-22 09:35:00,35346.45,35387.09,35154.37,35170.46,2.674621
2022-01-22 09:40:00,35159.0,35271.66,35024.09,35131.0,3.321932
2022-01-22 09:45:00,35135.4,35242.14,34630.07,34801.7,3.691396
2022-01-22 09:50:00,34806.24,35164.86,34803.48,34948.05,3.342054
2022-01-22 09:55:00,34899.01,35059.31,34780.16,34812.29,3.525663
2022-01-22 10:00:00,34764.35,34933.89,34556.04,34635.23,3.158368
2022-01-22 10:05:00,34668.77,34668.77,15786.12,34353.52,4.29205
2022-01-22 10:10:00,34251.33,34456.73,34036.59,34456.73,4.2479
2022-01-22 10:15:00,34446.01,34512.95,34260.59,34358.76,3.286443
2022-01-22 10:20:00,34312.94,34878.99,25887.68,34878.99,5.349915
2022-01-22 10:25:00,34869.73,35054.01,34704.27,34912.31,3.885123
2022-01-22 10:30:00,34909.6,35963.97,34844.47,35928.34,4.293238
2022-01-22 10:35:00,35841.89,35891.37,35578.45,35661.12,3.338756
2022-01-22 10:40:00,35639.8,35749.07,35513.79,35642.49,3.305641
2022-01-22 10:45:00,35634.0,35639.66,35405.05,35439.14,3.095371
2022-01-22 10:50:00,35434.9,35471.12,35222.01,35439.89,3.430341
2022-01-22 10:55:00,35422.09,35493.04,35302.77,35488.54,3.316045
2022-01-22 11:00:00,35488.54,35663.47,35361.58,35600.08,3.570746
2022-01-22 11:05:00,35572.83,35597.35,35376.98,35379.96,2.840445
2022-01-22 11:10:00,35366.13,35397.32,35254.71,35285.74,3.16896
2022-01-22 11:15:00,35286.72,35380.0,35255.01,35288.86,3.002661
2022-01-22 11:20:00,35280.01,35448.4,35273.48,35395.28,2.795213
2022-01-22 11:25:00,35399.97,35407.51,35285.25,35372.34,2.277143
2022-01-22 11:30:00,35372.36,35433.48,35284.03,35296.51,2.265931
2022-01-22 11:35:00,35272.69,35336.37,35246.0,35330.27,2.767773
2022-01-22 11:40:00,35319.74,35341.29,35017.78,35075.06,2.953181
2022-01-22 11:45:00,35074.27,35080.0,34818.8,34920.24,3.482524
2022-01-22 11:50:00,34920.25,35231.86,34857.04,35181.26,3.95394
2022-01-22 11:55:00,35179.54,35490.48,35141.81,35413.73,3.364156
2022-01-22 12:00:00,35408.43,35590.01,35315.53,35576.09,4.100919
2022-01-22 12:05:00,35583.99,35587.6,35341.56,35369.12,2.685351
2022-01-22 12:10:00,35369.12,35648.92,35344.97,35572.3,3.229697
2022-01-22 12:15:00,35566.56,35872.29,35527.03,35724.13,3.366714
2022-01-22 12:20:00,35727.91,35799.99,35574.61,35580.3,3.06223
2022-01-22 12:25:00,35592.96,35602.56,35354.94,35388.67,2.577467
2022-01-22 12:30:00,35395.74,35566.6,35391.9,35566.6,2.963371
2022-01-22 12:35:00,35572.26,35686.51,35511.09,35608.73,3.172592
2022-01-22 12:40:00,35612.01,35617.84,35504.45,35586.6,2.612993
2022-01-22 12:45:00,35586.56,35800.01,35576.85,35758.16,3.65774
2022-01-22 12:50:00,35772.89,35873.48,35703.08,35873.17,2.943077
2022-01-22 12:55:00,35868.9,36051.16,35705.22,35791.85,4.852322
2022-01-22 13:00:00,35769.8,35769.8,35564.93,35587.77,3.169192
2022-01-22 13:05:00,35589.2,35658.89,35564.52,35614.97,2.157422
2022-01-22 13:10:00,35614.42,35822.42,35614.42,35805.84,3.019007
2022-01-22 13:15:00,35776.29,36176.35,35730.51,36011.94,3.438512
2022-01-22 13:20:00,36015.57,36030.49,35915.0,35991.8,3.108272
2022-01-22 13:25:00,35997.04,36035.77,35758.63,35777.69,2.490943
2022-01-22 13:30:00,35766.58,35830.0,35676.8,35790.01,2.905106
2022-01-22 13:35:00,35770.01,35794.43,35652.05,35752.66,2.22757
2022-01-22 13:40:00,35745.04,35750.94,35660.93,35703.8,1.984579
2022-01-22 13:45:00,35700.01,35724.37,35585.74,35714.88,4.198798
2022-01-22 13:50:00,35709.4,35720.49,35581.55,35591.96,5.028369
2022-01-22 13:55:00,35574.01,35640.21,35557.79,35574.36,3.241066
2022-01-22 14:00:00,35576.3,35613.49,35460.91,35479.24,3.743859
2022-01-22 14:05:00,35471.09,35506.81,35418.2,35467.03,3.351915
2022-01-22 14:10:00,35466.27,35533.45,35400.45,35400.45,5.372465
2022-01-22 14:15:00,35400.45,35480.19,35393.55,35463.11,4.804586
2022-01-22 14:20:00,35468.09,35569.29,35450.01,35536.06,4.595067
2022-01-22 14:25:00,35522.13,35569.29,35480.19,35491.85,3.469062
2022-01-22 14:30:00,35487.9,35506.81,35427.01,35478.15,4.362721
2022-01-22 14:35:00,35475.93,35586.79,35462.64,35546.8,3.518946
2022-01-22 14:40:00,35543.11,35630.74,35480.19,35490.15,4.515802
2022-01-22 14:45:00,35491.98,35553.98,35427.01,35427.01,4.337046
2022-01-22 14:50:00,35427.01,35454.98,35269.25,35274.29,6.523945
2022-01-22 14:55:00,35267.94,35267.94,15786.12,34951.99,9.541455
2022-01-22 15:00:00,34951.99,35255.81,34876.77,35249.45,8.210655
2022-01-22 15:05:00,35253.83,35285.57,35109.6,35112.07,4.537177
2022-01-22 15:10:00,35115.19,35235.05,35109.6,35134.08,4.679257
2022-01-22 15:15:00,35119.5,35215.09,35056.98,35056.98,5.759766
2022-01-22 15:20:00,35056.98,35112.1,35004.44,35045.39,6.573186
2022-01-22 15:25:00,35053.03,35182.08,35024.26,35024.26,5.148017
2022-01-22 15:30:00,35017.51,35030.71,34951.98,35030.71,5.254485
2022-01-22 15:35:00,35030.71,35094.46,34971.76,34971.76,4.42901
2022-01-22 15:40:00,34972.0,35030.71,34951.98,35004.45,4.437758
2022-01-22 15:45:00,35004.45,35030.71,34899.6,34899.6,5.308308
2022-01-22 15:50:00,34899.6,34951.99,34821.17,34860.61,5.510112
2022-01-22 15:55:00,34853.6,34945.54,34821.17,34847.3,3.957697
2022-01-22 16:00:00,34840.86,34874.07,34535.06,34538.05,7.639082
2022-01-22 16:05:00,34535.06,35024.26,34535.06,35024.26,9.991329
2022-01-22 16:10:00,35024.26,35347.39,34925.78,35347.39,8.87876
2022-01-22 16:15:00,35346.79,35427.01,35188.69,35245.94,6.315296
2022-01-22 16:20:00,35242.42,35334.11,35188.69,35326.01,6.200851
2022-01-22 16:25:00,35326.01,35427.01,35294.41,35294.41,4.787352
2022-01-22 16:30:00,35294.41,35320.89,35231.09,35231.09,4.780532
2022-01-22 16:35:00,35230.74,35267.95,35188.69,35225.74,4.966434
2022-01-22 16:40:00,35226.48,35241.51,35135.95,35188.69,4.721411
2022-01-22 16:45:00,35183.18,35188.69,35023.03,35043.53,5.746344
2022-01-22 16:50:00,35039.98,35039.98,34873.44,35002.66,7.124343
2022-01-22 16:55:00,35002.66,35083.29,34983.51,35083.29,4.675144
2022-01-22 17:00:00,35083.29,35182.23,35035.81,35127.53,5.451989
2022-01-22 17:05:00,35127.55,35138.96,35024.26,35083.29,5.300092
2022-01-22 17:10:00,35083.29,35092.08,34847.3,34854.28,8.355489
2022-01-22 17:15:00,34850.01,34978.21,34821.17,34925.79,5.559682
2022-01-22 17:20:00,34925.79,34929.71,34795.07,34812.67,4.835217
2022-01-22 17:25:00,34800.49,34873.45,34638.82,34638.82,6.892887
2022-01-22 17:30:00,34638.82,34783.92,34629.67,34664.82,5.71994
2022-01-22 17:35:00,34665.02,34768.97,34664.82,34699.72,4.059529
2022-01-22 17:40:00,34703.66,34788.65,34638.82,34736.5,5.114861
2022-01-22 17:45:00,34736.5,34814.75,34710.46,34760.62,3.582423
2022-01-22 17:50:00,34759.29,34789.0,34612.85,34612.85,6.446267
2022-01-22 17:55:00,34612.85,34628.77,34535.06,34626.4,7.011254
2022-01-22 18:00:00,34614.63,34638.82,34457.44,34509.17,7.669262
2022-01-22 18:05:00,34509.17,34554.61,34347.9,34492.48,6.776304
2022-01-22 18:10:00,34498.35,34535.06,34406.83,34457.45,3.565035
2022-01-22 18:15:00,34457.45,34681.96,34457.45,34664.81,7.965696
2022-01-22 18:20:00,34664.81,34724.67,34612.85,34612.85,4.587362
2022-01-22 18:25:00,34612.85,34653.32,34460.36,34483.3,7.055902
2022-01-22 18:30:00,34481.98,34483.3,34354.24,34368.37,5.679236
2022-01-22 18:35:00,34364.96,34405.81,34302.75,34302.75,4.111342
2022-01-22 18:40:00,34305.45,34399.46,34302.75,34399.09,4.313204
2022-01-22 18:45:00,34391.99,34632.46,34391.99,34568.66,9.19866
2022-01-22 18:50:00,34561.28,34568.65,34457.44,34514.69,4.022275
2022-01-22 18:55:00,34502.83,34546.54,34380.01,34383.61,5.159132
2022-01-22 19:00:00,34390.0,34612.85,34390.0,34612.85,6.170252
2022-01-22 19:05:00,34612.85,34638.82,34547.88,34550.01,3.078423
2022-01-22 19:10:00,34552.0,34638.82,34483.3,34620.43,5.380159
2022-01-22 19:15:00,34627.92,34695.01,34483.3,34483.3,5.870115
2022-01-22 19:20:00,34483.3,34483.3,34380.01,34380.01,5.73453
2022-01-22 19:25:00,34380.01,34457.45,34357.09,34423.0,4.182107
2022-01-22 19:30:00,34427.0,34595.29,34426.85,34576.5,4.876728
2022-01-22 19:35:00,34576.7,34678.18,34560.91,34654.51,3.592612
2022-01-22 19:40:00,34659.01,34664.81,34509.17,34622.98,4.803804
2022-01-22 19:45:00,34628.19,34768.97,34585.66,34768.97,4.563642
2022-01-22 19:50:00,34768.97,34789.0,34586.9,34596.24,5.249589
2022-01-22 19:55:00,34596.68,34609.86,34483.3,34528.55,5.42241
2022-01-22 20:00:00,34521.92,34560.97,34443.77,34447.62,4.631572
2022-01-22 20:05:00,34437.04,34707.74,34437.04,34707.74,7.104218
2022-01-22 20:10:00,34707.74,34998.0,34684.44,34978.21,10.046649
2022-01-22 20:15:00,34978.21,35135.95,34899.6,35135.95,8.890676
2022-01-22 20:20:00,35135.95,35283.52,34978.2,34978.2,8.305417
2022-01-22 20:25:00,34978.2,35043.83,34925.78,34928.06,6.651775
2022-01-22 20:30:00,34935.99,35109.61,34925.78,35050.54,5.130672
2022-01-22 20:35:00,35085.73,35161.75,35004.88,35092.8,4.203413
2022-01-22 20:40:00,35099.2,35151.28,34951.98,34951.98,4.648575
2022-01-22 20:45:00,34951.98,35050.54,34899.6,35025.65,6.963365
2022-01-22 20:50:00,35015.36,35155.85,35015.36,35139.61,4.21485
2022-01-22 20:55:00,35124.08,35320.89,35072.28,35286.51,7.985296
2022-01-22 21:00:00,35287.51,35320.89,35188.69,35227.53,3.828873
2022-01-22 21:05:00,35228.02,35245.37,35164.9,35205.21,3.050684
2022-01-22 21:10:00,35200.0,35236.55,35083.28,35114.24,6.670751
2022-01-22 21:15:00,35117.59,35340.93,35103.16,35299.39,4.982041
2022-01-22 21:20:00,35295.28,35355.31,35244.94,35266.57,3.142455
2022-01-22 21:25:00,35260.85,35275.89,35188.69,35223.49,3.508013
2022-01-22 21:30:00,35223.24,35347.12,35162.31,35330.36,4.200132
2022-01-22 21:35:00,35328.63,35400.45,35241.51,35395.16,3.810147
2022-01-22 21:40:00,35395.16,35517.03,35352.68,35491.87,4.439356
2022-01-22 21:45:00,35487.6,35511.98,35347.39,35379.09,3.748881
2022-01-22 21:50:00,35375.5,35447.13,35347.39,35447.13,2.687349
2022-01-22 21:55:00,35447.13,35594.52,35394.0,35400.45,5.782981
2022-01-22 22:00:00,35400.45,35428.32,35241.51,35262.41,4.49028
2022-01-22 22:05:00,35264.91,35347.39,35215.09,35231.19,3.770427
2022-01-22 22:10:00,35230.68,35267.95,35160.39,35241.51,4.037718
2022-01-22 22:15:00,35241.51,35267.95,35155.86,35185.53,2.00747
2022-01-22 22:20:00,35186.37,35188.69,35109.6,35173.66,3.321782
2022-01-22 22:25:00,35170.09,35188.69,35024.26,35024.26,3.976215
2022-01-22 22:30:00,35024.26,35083.29,35004.44,35038.55,1.276145
2022-01-22 22:35:00,35038.3,35040.86,34899.6,34899.6,3.629471
2022-01-22 22:40:00,34978.21,34978.21,34879.22,34919.16,3.92636
2022-01-22 22:45:00,34918.57,34925.79,34847.3,34847.3,6.972043
2022-01-22 22:50:00,34847.3,34888.8,34768.98,34859.47,4.693363
2022-01-22 22:55:00,34842.66,34919.34,34822.01,34869.47,4.175766
2022-01-22 23:00:00,34869.8,34899.61,34826.71,34868.39,1.903787
2022-01-22 23:05:00,34870.09,34870.09,34768.98,34769.84,3.087366
2022-01-22 23:10:00,34769.54,34951.99,34768.98,34925.79,5.123868
2022-01-22 23:15:00,34925.79,34971.76,34893.16,34934.1,3.673571
2022-01-22 23:20:00,34934.1,34998.0,34903.18,34945.54,3.470436
2022-01-22 23:25:00,34945.54,35050.54,34912.5,35041.08,4.632762
2022-01-22 23:30:00,35050.54,35103.15,35032.62,35047.0,2.933366
2022-01-22 23:35:00,35040.23,35041.99,34945.54,34949.2,2.683456
2022-01-22 23:40:00,34945.54,35001.81,34899.6,34906.11,2.762225
2022-01-22 23:45:00,34903.11,35030.71,34885.33,35026.0,4.374022
2022-01-22 23:50:00,35024.3,35050.54,34963.17,35013.15,2.624214
2022-01-22 23:55:00,35010.89,35076.83,34982.17,35062.46,2.883407
2022-01-23 00:00:00,35062.5,35109.61,34978.2,34978.2,4.980107
2022-01-23 00:05:00,34978.2,35165.85,34951.98,35165.85,7.514011
2022-01-23 00:10:00,35173.96,35267.95,35135.95,35188.69,5.603379
2022-01-23 00:15:00,35165.93,35167.7,35109.6,35138.92,3.725586
2022-01-23 00:20:00,35142.32,35340.93,35142.32,35308.02,5.972487
2022-01-23 00:25:00,35315.13,35407.04,35296.44,35375.01,4.818541
2022-01-23 00:30:00,35370.0,35447.13,35320.89,35326.46,4.7786
2022-01-23 00:35:00,35333.0,35393.99,35267.95,35358.36,6.33057
2022-01-23 00:40:00,35359.99,35359.99,35267.95,35267.95,2.652066
2022-01-23 00:45:00,35267.95,35327.12,35265.32,35300.72,3.345422
2022-01-23 00:50:00,35300.72,35385.82,35269.53,35385.82,2.886406
2022-01-23 00:55:00,35383.65,35413.86,35333.01,35405.0,4.39905
2022-01-23 01:00:00,35401.11,35419.91,35294.41,35361.46,3.599117
2022-01-23 01:05:00,35361.46,35373.91,35278.24,35335.83,2.313133
2022-01-23 01:10:00,35340.76,35362.34,35287.96,35309.66,2.973406
2022-01-23 01:15:00,35309.7,35326.6,35268.35,35326.6,2.283331
2022-01-23 01:20:00,35324.01,35475.13,35290.83,35471.14,5.327635
2022-01-23 01:25:00,35469.92,35472.22,35387.62,35420.02,2.969715
2022-01-23 01:30:00,35420.97,35506.81,35401.53,35470.85,3.591084
2022-01-23 01:35:00,35454.52,35461.2,35353.2,35383.89,3.048563
2022-01-23 01:40:00,35384.55,35425.42,35348.18,35404.42,2.659275
2022-01-23 01:45:00,35405.65,35435.29,35354.23,35379.38,2.510715
2022-01-23 01:50:00,35379.56,35400.0,35325.01,35366.77,2.946794
2022-01-23 01:55:00,35367.01,35400.45,35294.41,35314.36,3.337806
2022-01-23 02:00:00,35316.21,35396.3,35267.95,35314.06,4.175068
2022-01-23 02:05:00,35305.96,35320.89,35215.09,35242.69,5.084291
2022-01-23 02:10:00,35242.7,35252.05,35122.24,35139.35,4.167884
2022-01-23 02:15:00,35141.0,35199.99,35109.6,35131.97,3.763332
2022-01-23 02:20:00,35131.97,35181.82,35083.28,35172.63,3.385115
2022-01-23 02:25:00,35176.56,35182.23,35128.94,35161.25,2.247265
2022-01-23 02:30:00,35161.91,35251.65,35161.91,35224.44,3.272315
2022-01-23 02:35:00,35214.53,35261.49,35177.92,35233.05,2.372911
2022-01-23 02:40:00,35202.32,35221.2,35030.7,35035.84,4.990577
2022-01-23 02:45:00,35034.86,35083.29,34978.2,34984.43,3.835215
2022-01-23 02:50:00,34980.37,35028.33,34925.78,34932.96,4.007073
2022-01-23 02:55:00,34930.6,34930.61,34847.3,34872.26,5.169732
2022-01-23 03:00:00,34875.3,34953.78,34847.3,34922.02,3.379457
2022-01-23 03:05:00,34921.8,34944.17,34875.3,34924.41,2.360333
2022-01-23 03:10:00,34930.0,34947.61,34852.38,34879.83,2.348345
2022-01-23 03:15:00,34880.08,34978.21,34880.08,34960.3,3.222668
2022-01-23 03:20:00,34955.54,34978.21,34847.3,34847.3,3.671951
2022-01-23 03:25:00,34847.3,34899.61,34821.17,34899.61,3.646624
2022-01-23 03:30:00,34899.61,34951.99,34874.98,34943.9,2.493734
2022-01-23 03:35:00,34941.76,34988.83,34935.56,34988.83,2.742126
2022-01-23 03:40:00,34987.2,35057.25,34978.2,35044.92,4.219103
2022-01-23 03:45:00,35044.93,35094.34,34998.0,35037.83,3.081276
2022-01-23 03:50:00,35040.07,35109.61,34997.12,35056.13,3.526861
2022-01-23 03:55:00,35050.54,35083.29,35027.48,35057.15,1.97175
2022-01-23 04:00:00,35051.0,35067.37,34956.35,35029.32,4.276461
2022-01-23 04:05:00,35030.0,35076.83,34951.98,35057.24,3.721796
2022-01-23 04:10:00,35061.55,35188.69,35024.26,35188.69,4.88197
2022-01-23 04:15:00,35188.69,35198.0,35145.2,35158.01,2.204169
2022-01-23 04:20:00,35158.01,35208.63,35109.67,35193.7,2.804515
2022-01-23 04:25:00,35193.77,35247.87,35153.49,35220.26,3.594534
2022-01-23 04:30:00,35220.26,35267.95,35182.24,35252.08,3.387989
2022-01-23 04:35:00,35254.56,35277.45,35182.24,35203.97,2.816178
2022-01-23 04:40:00,35206.36,35213.62,35162.31,35205.81,2.220596
2022-01-23 04:45:00,35186.47,35233.21,35109.6,35233.21,3.809226
2022-01-23 04:50:00,35231.93,35287.95,35183.99,35219.97,3.201806
2022-01-23 04:55:00,35223.52,35241.51,35210.01,35217.0,1.831994
2022-01-23 05:00:00,35215.38,35263.57,35188.69,35254.59,2.77129
2022-01-23 05:05:00,35248.31,35280.41,35199.99,35199.99,2.590194
2022-01-23 05:10:00,35195.9,35195.9,34951.98,34990.56,6.368144
2022-01-23 05:15:00,34993.92,35056.99,34951.98,35030.71,3.755145
2022-01-23 05:20:00,35030.71,35088.06,35030.71,35034.18,2.6431
2022-01-23 05:25:00,35032.27,35079.6,35004.44,35065.49,1.894044
2022-01-23 05:30:00,35057.11,35162.31,35057.1,35162.31,3.350288
2022-01-23 05:35:00,35162.31,35208.63,35129.5,35148.21,2.785414
2022-01-23 05:40:00,35140.57,35140.57,35093.13,35132.97,1.873167
2022-01-23 05:45:00,35135.95,35287.95,35076.84,35287.95,6.020115
2022-01-23 05:50:00,35287.95,35500.35,35241.51,35368.6,7.610848
2022-01-23 05:55:00,35368.59,35494.6,35326.99,35461.14,3.752189
2022-01-23 06:00:00,35456.39,35512.15,35400.45,35400.45,4.023857
2022-01-23 06:05:00,35400.45,35401.04,35304.73,35330.3,3.286524
2022-01-23 06:10:00,35326.0,35361.88,35294.41,35314.44,2.599751
2022-01-23 06:15:00,35308.71,35533.45,35241.51,35319.82,17.891971
2022-01-23 06:20:00,35321.01,35443.51,35267.95,35340.88,5.895884
2022-01-23 06:25:00,35348.01,35374.71,35303.54,35317.89,2.260696
2022-01-23 06:30:00,35311.44,35344.72,35242.86,35284.21,2.540718
2022-01-23 06:35:00,35265.77,35347.39,35245.97,35289.22,2.851784
2022-01-23 06:40:00,35282.0,35293.24,35188.69,35238.67,3.832661
2022-01-23 06:45:00,35238.22,35256.86,35203.02,35239.54,2.413889
2022-01-23 06:50:00,35240.17,35247.14,35162.31,35226.54,2.647852
2022-01-23 06:55:00,35211.08,35287.38,35203.45,35271.39,2.731476
2022-01-23 07:00:00,35279.56,35320.89,35224.48,35320.89,2.466678
2022-01-23 07:05:00,35313.7,35409.61,35313.02,35388.45,3.455699
2022-01-23 07:10:00,35382.3,35491.06,35372.34,35487.99,2.879682
2022-01-23 07:15:00,35490.96,35542.32,35347.39,35515.36,5.924696
2022-01-23 07:20:00,35515.15,35632.01,35488.0,35578.75,4.011683
2022-01-23 07:25:00,35577.46,35693.71,35533.45,35693.71,4.903888
2022-01-23 07:30:00,35685.7,35747.29,35602.58,35640.21,3.579029
2022-01-23 07:35:00,35640.21,35656.06,35560.11,35610.04,3.163764
2022-01-23 07:40:00,35611.21,35693.71,35607.97,35677.08,3.158854
2022-01-23 07:45:00,35673.83,35673.84,35586.79,35590.04,2.313575
2022-01-23 07:50:00,35590.04,35599.88,35560.11,35586.74,2.777801
2022-01-23 07:55:00,35590.04,35613.49,35560.11,35578.56,2.328732
2022-01-23 08:00:00,35571.14,35648.91,35509.5,35588.92,4.813568
2022-01-23 08:05:00,35585.32,35585.32,35480.19,35554.42,4.643301
2022-01-23 08:10:00,35555.59,35747.29,35480.19,35640.21,12.462888
2022-01-23 08:15:00,35640.21,35740.53,35586.79,35613.49,4.691155
2022-01-23 08:20:00,35613.49,35650.07,35560.11,35631.54,3.604632
2022-01-23 08:25:00,35629.87,35666.95,35451.43,35475.45,4.772141
2022-01-23 08:30:00,35471.69,35693.71,35461.18,35693.71,4.13349
2022-01-23 08:35:00,35693.71,35754.84,35648.84,35708.09,3.987903
2022-01-23 08:40:00,35708.09,35727.08,35649.47,35667.93,3.234093
2022-01-23 08:45:00,35669.57,35701.79,35596.03,35625.85,3.554575
2022-01-23 08:50:00,35622.74,35676.21,35506.81,35612.64,5.485548
2022-01-23 08:55:00,35614.83,35756.58,35610.81,35756.58,3.386467
2022-01-23 09:00:00,35729.42,35877.83,35693.71,35832.48,4.911672
2022-01-23 09:05:00,35825.08,35881.59,35774.11,35877.01,3.67274
2022-01-23 09:10:00,35878.33,35934.0,35820.33,35898.69,3.376359
2022-01-23 09:15:00,35895.34,35902.87,35800.95,35803.17,2.891007
2022-01-23 09:20:00,35802.22,35935.45,35802.22,35935.45,3.444154
2022-01-23 09:25:00,35922.24,36016.39,35900.0,36016.39,3.076711
2022-01-23 09:30:00,36013.05,36133.56,36013.05,36114.74,3.383255
2022-01-23 09:35:00,36110.0,36134.03,35982.01,35982.38,3.368443
2022-01-23 09:40:00,35981.68,35984.86,35896.43,35919.98,2.675642
2022-01-23 09:45:00,35919.98,35961.0,35866.41,35926.79,2.665489
2022-01-23 09:50:00,35917.87,35935.45,35864.03,35886.86,2.199522
2022-01-23 09:55:00,35889.67,35908.51,35861.24,35882.75,1.92786
2022-01-23 10:00:00,35877.99,35900.0,35843.84,35848.4,2.13475
2022-01-23 10:05:00,35848.77,35854.84,35763.91,35787.45,3.543994
2022-01-23 10:10:00,35790.2,35837.13,35747.29,35821.44,2.788648
2022-01-23 10:15:00,35819.34,35820.15,35732.11,35767.72,2.387549
2022-01-23 10:20:00,35760.46,35774.11,35694.33,35771.77,2.641523
2022-01-23 10:25:00,35774.11,35854.95,35756.59,35820.49,2.703013
2022-01-23 10:30:00,35821.99,35881.59,35774.11,35786.42,2.377325
2022-01-23 10:35:00,35779.99,35829.86,35766.62,35808.31,1.707144
2022-01-23 10:40:00,35808.34,35889.74,35804.34,35879.04,2.150328
2022-01-23 10:45:00,35875.79,35903.31,35790.01,35825.36,2.258176
2022-01-23 10:50:00,35800.47,35827.43,35747.29,35814.74,2.773123
2022-01-23 10:55:00,35815.2,35907.32,35788.76,35894.36,2.883965
2022-01-23 11:00:00,35896.48,35902.13,35824.92,35837.47,2.38191
2022-01-23 11:05:00,35839.46,35877.27,35800.95,35877.27,2.044462
2022-01-23 11:10:00,35877.27,35880.85,35816.89,35845.43,1.6669
2022-01-23 11:15:00,35845.66,35854.69,35757.23,35757.26,2.514004
2022-01-23 11:20:00,35756.59,35783.51,35720.49,35748.8,2.5822
2022-01-23 11:25:00,35748.8,35750.26,35693.71,35728.15,2.12262
2022-01-23 11:30:00,35726.08,35726.29,35649.47,35684.0,3.027377
2022-01-23 11:35:00,35688.29,35707.09,35622.74,35637.27,2.47173
2022-01-23 11:40:00,35640.92,35681.39,35635.01,35663.95,2.382861
2022-01-23 11:45:00,35666.2,35720.49,35630.38,35713.2,2.345657
2022-01-23 11:50:00,35713.99,35720.49,35682.93,35710.7,1.707438
2022-01-23 11:55:00,35703.07,35703.07,35662.01,35683.03,1.914826
2022-01-23 12:00:00,35683.05,35729.77,35662.0,35705.56,2.425294
2022-01-23 12:05:00,35708.99,35712.63,35613.49,35629.05,2.70394
2022-01-23 12:10:00,35631.75,35631.75,35600.01,35604.35,1.751481
2022-01-23 12:15:00,35604.99,35650.4,35596.03,35596.03,1.812549
2022-01-23 12:20:00,35603.64,35702.98,35573.39,35702.98,3.689233
2022-01-23 12:25:00,35702.98,35747.29,35665.07,35701.99,3.029276
2022-01-23 12:30:00,35701.92,35733.53,35622.74,35651.86,2.444254
2022-01-23 12:35:00,35644.66,35699.99,35632.74,35674.75,2.128923
2022-01-23 12:40:00,35679.72,35681.88,35633.06,35639.32,1.475336
2022-01-23 12:45:00,35639.27,35693.71,35622.74,35692.02,1.905506
2022-01-23 12:50:00,35693.71,35810.26,35693.71,35761.13,4.195493
2022-01-23 12:55:00,35760.02,35827.81,35760.02,35803.13,1.624568
2022-01-23 13:00:00,35803.21,35803.21,35720.49,35761.19,2.217154
2022-01-23 13:05:00,35759.59,35759.59,35700.52,35711.14,1.501387
2022-01-23 13:10:00,35711.15,35802.03,35666.95,35769.23,3.760969
2022-01-23 13:15:00,35769.43,35837.13,35761.02,35797.08,2.675301
2022-01-23 13:20:00,35796.97,35862.35,35796.97,35838.07,2.440666
2022-01-23 13:25:00,35830.13,35892.7,35830.13,35892.68,2.27892
2022-01-23 13:30:00,35858.63,35875.3,35811.62,35826.62,1.785938
2022-01-23 13:35:00,35828.57,35835.9,35803.07,35812.89,1.250925
2022-01-23 13:40:00,35800.95,35850.02,35788.58,35837.27,1.691057
2022-01-23 13:45:00,35837.23,35905.0,35837.23,35890.0,2.002333
2022-01-23 13:50:00,35885.22,35917.86,35872.41,35917.51,2.470987
2022-01-23 13:55:00,35915.11,36033.41,35902.83,35971.79,4.044464
2022-01-23 14:00:00,35971.79,36067.11,35936.36,35936.4,2.86459
2022-01-23 14:05:00,35936.4,35962.41,35783.42,35871.72,5.269492
2022-01-23 14:10:00,35860.09,35890.93,35747.29,35780.78,3.399452
2022-01-23 14:15:00,35779.45,35800.0,35560.11,35578.53,5.220383
2022-01-23 14:20:00,35575.22,35640.21,35533.45,35533.45,4.971543
2022-01-23 14:25:00,35533.45,35613.49,35480.19,35613.49,4.918964
2022-01-23 14:30:00,35613.49,35613.49,35517.58,35565.39,2.078513
2022-01-23 14:35:00,35555.9,35613.49,35515.86,35522.02,1.82117
2022-01-23 14:40:00,35506.81,35510.01,35383.97,35435.9,4.117746
2022-01-23 14:45:00,35435.94,35480.19,35135.95,35159.18,6.42115
2022-01-23 14:50:00,35137.78,35224.19,35135.95,35196.44,4.167497
2022-01-23 14:55:00,35182.68,35362.84,35180.55,35328.2,3.789642
2022-01-23 15:00:00,35326.05,35347.39,35215.51,35224.19,3.462436
2022-01-23 15:05:00,35221.17,35330.02,35220.04,35245.64,2.737623
2022-01-23 15:10:00,35246.38,35338.14,35188.69,35199.48,4.714008
2022-01-23 15:15:00,35200.01,35282.85,35200.01,35247.88,2.17167
2022-01-23 15:20:00,35246.01,35356.53,35246.01,35325.11,2.846005
2022-01-23 15:25:00,35323.37,35339.47,35272.07,35290.01,1.653116
2022-01-23 15:30:00,35267.95,35268.59,35189.25,35235.0,2.643849
2022-01-23 15:35:00,35235.52,35252.1,35188.69,35198.0,2.663327
2022-01-23 15:40:00,35195.2,35231.09,35150.37,35188.69,2.54569
2022-01-23 15:45:00,35188.69,35188.81,35124.1,35140.39,2.249384
2022-01-23 15:50:00,35130.17,35199.0,35115.99,35164.74,2.477551
2022-01-23 15:55:00,35165.8,35330.02,35165.8,35286.96,3.704733
2022-01-23 16:00:00,35287.58,35373.91,35241.51,35320.89,3.994399
2022-01-23 16:05:00,35320.89,35453.59,35277.62,35393.29,4.555863
2022-01-23 16:10:00,35373.24,35386.56,35306.43,35322.12,2.92143
2022-01-23 16:15:00,35311.41,35384.96,35311.4,35358.49,2.10014
2022-01-23 16:20:00,35361.95,35399.93,35294.41,35294.41,2.906971
2022-01-23 16:25:00,35277.07,35330.02,35162.31,35180.45,10.429
2022-01-23 16:30:00,35180.0,35233.22,35135.95,35223.17,3.364241
2022-01-23 16:35:00,35218.26,35267.54,35162.31,35206.34,3.672264
2022-01-23 16:40:00,35205.58,35241.51,35202.18,35205.0,1.690522
2022-01-23 16:45:00,35208.8,35294.41,35208.8,35256.09,2.216505
2022-01-23 16:50:00,35256.09,35409.61,35190.8,35256.53,9.247383
2022-01-23 16:55:00,35258.63,35274.28,35175.0,35215.24,1.593006
2022-01-23 17:00:00,35215.04,35320.89,35171.39,35300.92,3.651738
2022-01-23 17:05:00,35292.27,35310.32,35258.01,35292.93,1.264274
2022-01-23 17:10:00,35295.01,35351.68,35295.01,35325.09,1.8722
2022-01-23 17:15:00,35326.52,35326.52,35197.78,35284.28,3.426397
2022-01-23 17:20:00,35268.59,35356.53,35262.59,35332.68,2.624461
2022-01-23 17:25:00,35327.88,35347.39,35298.84,35318.25,1.590123
2022-01-23 17:30:00,35314.01,35347.39,35290.0,35327.65,1.712437
2022-01-23 17:35:00,35322.26,35377.31,35292.03,35373.12,2.104409
2022-01-23 17:40:00,35373.47,35383.06,35333.56,35343.87,1.272512
2022-01-23 17:45:00,35343.88,35409.61,35343.88,35409.61,1.94349
2022-01-23 17:50:00,35409.61,35436.18,35388.95,35390.55,1.472419
2022-01-23 17:55:00,35385.04,35400.45,35311.49,35330.73,2.650513
2022-01-23 18:00:00,35332.6,35373.91,35303.54,35366.41,1.993059
2022-01-23 18:05:00,35373.91,35397.14,35250.62,35253.66,3.074694
2022-01-23 18:10:00,35251.09,35345.17,35241.51,35253.96,2.882591
2022-01-23 18:15:00,35250.38,35320.89,35215.09,35215.09,3.225535
2022-01-23 18:20:00,35215.09,35221.46,35162.31,35162.31,2.664743
2022-01-23 18:25:00,35162.31,35162.31,35062.45,35121.93,7.934795
2022-01-23 18:30:00,35124.36,35188.69,35030.7,35172.58,4.324935
2022-01-23 18:35:00,35170.01,35215.09,35109.6,35187.01,3.009325
2022-01-23 18:40:00,35181.18,35181.18,35109.6,35124.5,2.746025
2022-01-23 18:45:00,35124.5,35157.07,34978.2,34978.2,4.581146
2022-01-23 18:50:00,34978.2,34999.18,34905.43,34905.43,5.452017
2022-01-23 18:55:00,34905.43,34987.22,34905.43,34956.26,4.693539
2022-01-23 19:00:00,34956.28,35030.71,34933.89,35007.57,2.839563
2022-01-23 19:05:00,35004.92,35020.99,34927.16,34928.42,1.694765
2022-01-23 19:10:00,34927.35,34951.97,34899.6,34919.96,3.220869
2022-01-23 19:15:00,34899.6,34921.21,34843.22,34911.22,4.271863
2022-01-23 19:20:00,34910.01,35030.71,34893.82,35029.36,3.370947
2022-01-23 19:25:00,35029.83,35124.19,34987.22,35098.25,3.772417
2022-01-23 19:30:00,35098.25,35185.79,35098.25,35129.29,2.680157
2022-01-23 19:35:00,35130.65,35130.65,34821.17,34822.41,6.623585
2022-01-23 19:40:00,34821.17,34847.3,34716.86,34717.46,8.65016
2022-01-23 19:45:00,34717.3,34873.45,34716.8,34866.21,4.869168
2022-01-23 19:50:00,34854.87,34859.18,34690.83,34694.27,4.631797
2022-01-23 19:55:00,34694.27,34795.06,34664.82,34775.46,5.497454
2022-01-23 20:00:00,34761.29,34873.45,34729.03,34795.06,6.305724
2022-01-23 20:05:00,34795.06,34987.22,34787.49,34952.48,5.794371
2022-01-23 20:10:00,34958.35,35216.46,34939.6,35216.46,6.460141
2022-01-23 20:15:00,35216.46,35320.89,35139.22,35176.66,6.3269
2022-01-23 20:20:00,35174.68,35241.51,35135.95,35185.04,3.706806
2022-01-23 20:25:00,35187.71,35215.09,35092.34,35092.34,3.310935
2022-01-23 20:30:00,35088.02,35162.31,35066.03,35098.04,3.245072
2022-01-23 20:35:00,35098.0,35224.19,35094.18,35222.19,3.711116
2022-01-23 20:40:00,35215.22,35217.43,35176.27,35178.25,1.430675
2022-01-23 20:45:00,35178.25,35257.95,35157.03,35244.02,3.297194
2022-01-23 20:50:00,35244.02,35277.06,35210.77,35234.88,2.871795
2022-01-23 20:55:00,35225.24,35300.18,35188.69,35300.18,3.214053
2022-01-23 21:00:00,35300.14,35320.89,35162.31,35278.45,4.404077
2022-01-23 21:05:00,35270.61,35274.81,35162.31,35162.31,2.849462
2022-01-23 21:10:00,35174.68,35215.09,35130.18,35190.95,3.524699
2022-01-23 21:15:00,35192.16,35285.79,35116.19,35273.72,3.869691
2022-01-23 21:20:00,35276.49,35330.02,35255.77,35330.02,2.528082
2022-01-23 21:25:00,35330.02,35409.61,35273.14,35304.25,3.786374
2022-01-23 21:30:00,35303.54,35363.9,35215.09,35244.33,3.135713
2022-01-23 21:35:00,35225.54,35342.3,35215.09,35342.3,2.386655
2022-01-23 21:40:00,35344.16,35503.8,35331.73,35502.83,5.619186
2022-01-23 21:45:00,35485.38,35538.2,35373.91,35397.03,5.118963
2022-01-23 21:50:00,35400.08,35427.4,35347.39,35353.62,2.316138
2022-01-23 21:55:00,35349.16,35400.45,35330.03,35354.48,2.736823
2022-01-23 22:00:00,35339.5,35409.61,35294.41,35349.29,3.497022
2022-01-23 22:05:00,35341.92,35399.0,35320.89,35399.0,1.981897
2022-01-23 22:10:00,35384.12,35489.38,35294.41,35374.77,9.755866
2022-01-23 22:15:00,35374.77,35460.73,35374.77,35425.91,7.248407
2022-01-23 22:20:00,35428.12,35468.81,35347.39,35347.39,3.960144
2022-01-23 22:25:00,35347.39,35395.52,35343.6,35384.0,1.518898
2022-01-23 22:30:00,35384.96,35453.59,35384.65,35400.0,1.571294
2022-01-23 22:35:00,35396.24,35399.19,35294.41,35389.14,2.162837
2022-01-23 22:40:00,35376.01,35471.76,35277.07,35364.91,3.642862
2022-01-23 22:45:00,35369.0,35506.81,35321.62,35441.91,3.896545
2022-01-23 22:50:00,35433.75,35506.81,35409.62,35460.17,1.685956
2022-01-23 22:55:00,35446.41,35522.27,35424.01,35511.19,1.759499
2022-01-23 23:00:00,35508.48,35702.98,35400.45,35702.98,8.90258
2022-01-23 23:05:00,35702.98,35810.26,35649.47,35795.92,3.529919
2022-01-23 23:10:00,35797.83,36097.51,35783.42,36097.51,7.816989
2022-01-23 23:15:00,36097.51,36341.99,35998.78,36341.99,5.656265
2022-01-23 23:20:00,36341.99,36451.19,36287.52,36351.47,3.856833
2022-01-23 23:25:00,36357.22,36488.04,36308.19,36310.3,4.209022
2022-01-23 23:30:00,36326.69,36341.99,36134.64,36173.75,4.15866
2022-01-23 23:35:00,36168.71,36300.32,36134.03,36199.88,3.941641
2022-01-23 23:40:00,36192.77,36242.59,36111.58,36199.59,3.043798
2022-01-23 23:45:00,36197.96,36324.23,36106.94,36205.95,6.63046
2022-01-23 23:50:00,36205.95,36292.38,36205.95,36268.42,2.891196
2022-01-23 23:55:00,36275.44,36297.0,36215.42,36247.35,2.165583
2022-01-24 00:00:00,36243.37,36329.56,36097.5,36143.38,11.26285
2022-01-24 00:05:00,36126.72,36126.72,35989.38,36013.26,5.388445
2022-01-24 00:10:00,36006.53,36016.39,35935.44,35974.82,3.42993
2022-01-24 00:15:00,35979.42,36043.41,35908.5,35940.95,4.208371
2022-01-24 00:20:00,35939.13,35962.41,35810.27,35818.86,4.944666
2022-01-24 00:25:00,35810.27,35881.59,35800.95,35817.04,3.375786
2022-01-24 00:30:00,35817.62,35881.59,35747.29,35862.41,4.104662
2022-01-24 00:35:00,35853.42,35881.59,35786.87,35812.28,2.676191
2022-01-24 00:40:00,35807.49,35841.08,35774.11,35777.19,2.113843
2022-01-24 00:45:00,35774.11,35888.22,35774.11,35849.73,2.477542
2022-01-24 00:50:00,35853.05,35931.58,35853.05,35896.22,2.832521
2022-01-24 00:55:00,35907.04,35933.82,35810.27,35838.27,2.402843
2022-01-24 01:00:00,35826.81,35935.45,35809.36,35935.45,2.819157
2022-01-24 01:05:00,35935.45,35960.41,35913.51,35956.02,2.663568
2022-01-24 01:10:00,35954.14,35962.41,35876.86,35898.01,2.514428
2022-01-24 01:15:00,35900.38,36025.79,35842.05,35990.81,4.30342
2022-01-24 01:20:00,35995.68,35999.8,35880.75,35898.43,2.387073
2022-01-24 01:25:00,35899.19,35929.27,35800.95,35806.36,2.089713
2022-01-24 01:30:00,35800.95,35803.25,35693.71,35760.4,4.566346
2022-01-24 01:35:00,35760.4,35774.11,35694.67,35741.56,2.056407
2022-01-24 01:40:00,35742.33,35747.29,35666.95,35686.19,2.115451
2022-01-24 01:45:00,35676.22,35715.28,35666.95,35686.83,2.348764
2022-01-24 01:50:00,35684.76,35708.99,35622.74,35622.74,3.053948
2022-01-24 01:55:00,35614.98,35661.83,35598.9,35652.23,2.271076
2022-01-24 02:00:00,35650.0,35756.58,35613.49,35675.0,6.25675
2022-01-24 02:05:00,35675.0,35675.0,35560.11,35593.65,3.211998
2022-01-24 02:10:00,35590.48,35629.6,35580.01,35611.99,1.647418
2022-01-24 02:15:00,35612.04,35662.59,35560.11,35581.49,1.724485
2022-01-24 02:20:00,35574.13,35601.32,35543.04,35566.63,1.976964
2022-01-24 02:25:00,35563.52,35613.49,35525.77,35564.92,2.592662
2022-01-24 02:30:00,35581.67,35693.71,35525.77,35577.12,2.959925
2022-01-24 02:35:00,35570.01,35582.0,35506.81,35529.98,2.270295
2022-01-24 02:40:00,35529.98,35558.52,35383.22,35419.72,3.78538
2022-01-24 02:45:00,35398.64,35476.08,35373.91,35375.8,2.631696
2022-01-24 02:50:00,35373.91,35377.9,35267.95,35310.12,3.809699
2022-01-24 02:55:00,35288.67,35309.07,35188.69,35200.01,4.309083
2022-01-24 03:00:00,35198.21,35267.95,35171.39,35267.95,3.414974
2022-01-24 03:05:00,35267.95,35303.53,35188.69,35275.64,3.942906
2022-01-24 03:10:00,35253.43,35320.89,35250.62,35314.35,1.796578
2022-01-24 03:15:00,35313.38,35330.02,35277.07,35302.17,2.408835
2022-01-24 03:20:00,35300.01,35347.39,35271.85,35271.94,1.738819
2022-01-24 03:25:00,35250.62,35267.95,35199.27,35204.12,2.790856
2022-01-24 03:30:00,35205.54,35281.45,35205.54,35269.75,1.945392
2022-01-24 03:35:00,35272.94,35356.53,35215.09,35279.3,4.357915
2022-01-24 03:40:00,35268.49,35347.39,35135.95,35266.46,9.862129
2022-01-24 03:45:00,35266.47,35383.06,35162.31,35317.87,9.517663
2022-01-24 03:50:00,35320.0,35389.0,35313.37,35375.88,2.577468
2022-01-24 03:55:00,35377.18,35395.21,35290.22,35339.52,3.334857
2022-01-24 04:00:00,35336.28,35441.96,35267.95,35434.02,7.484443
2022-01-24 04:05:00,35434.02,35458.34,35320.89,35322.04,2.494129
2022-01-24 04:10:00,35322.51,35367.69,35267.95,35367.69,3.273334
2022-01-24 04:15:00,35360.01,35423.66,35327.8,35422.9,2.366426
2022-01-24 04:20:00,35420.09,35423.62,35345.33,35352.12,1.124478
2022-01-24 04:25:00,35351.46,35400.45,35345.33,35377.63,1.474339
2022-01-24 04:30:00,35359.89,35375.28,35332.48,35359.19,1.362586
2022-01-24 04:35:00,35359.39,35378.81,35215.09,35263.88,3.467061
2022-01-24 04:40:00,35260.67,35273.57,35215.09,35234.14,1.96202
2022-01-24 04:45:00,35237.48,35261.85,35109.6,35123.84,3.201795
2022-01-24 04:50:00,35126.7,35162.31,35066.03,35112.0,3.62934
2022-01-24 04:55:00,35115.1,35127.99,35056.98,35123.57,2.148315
2022-01-24 05:00:00,35123.57,35126.02,35010.44,35010.45,3.683185
2022-01-24 05:05:00,35013.45,35073.57,35004.44,35054.25,2.844259
2022-01-24 05:10:00,35054.27,35075.1,34978.2,35075.1,3.103199
2022-01-24 05:15:00,35070.27,35145.02,35039.74,35119.0,3.191538
2022-01-24 05:20:00,35119.0,35132.5,35042.4,35083.11,2.010949
2022-01-24 05:25:00,35079.88,35091.82,35030.7,35030.7,1.096167
2022-01-24 05:30:00,35032.17,35082.39,34955.97,34990.96,2.694683
2022-01-24 05:35:00,34991.31,35056.99,34951.98,35056.99,2.749723
2022-01-24 05:40:00,35056.99,35106.37,35019.95,35039.74,2.494088
2022-01-24 05:45:00,35042.07,35106.77,35038.54,35073.24,1.88448
2022-01-24 05:50:00,35072.01,35201.57,35056.98,35129.06,7.489312
2022-01-24 05:55:00,35129.08,35241.51,35056.98,35183.79,5.833591
2022-01-24 06:00:00,35182.22,35206.35,35123.49,35135.05,2.007182
2022-01-24 06:05:00,35138.69,35187.02,35011.52,35098.61,5.58601
2022-01-24 06:10:00,35085.72,35187.02,35011.52,35113.14,6.402805
2022-01-24 06:15:00,35110.89,35303.53,35094.86,35209.39,5.044381
2022-01-24 06:20:00,35201.93,35308.03,35201.93,35270.22,3.085625
2022-01-24 06:25:00,35270.1,35338.6,35270.1,35320.89,2.533246
2022-01-24 06:30:00,35320.89,35347.39,35268.14,35277.98,2.040121
2022-01-24 06:35:00,35278.02,35313.27,35252.39,35261.97,1.322394
2022-01-24 06:40:00,35261.99,35340.35,35261.99,35339.5,1.807739
2022-01-24 06:45:00,35339.5,35339.5,35260.97,35278.51,1.27421
2022-01-24 06:50:00,35277.74,35320.89,35253.08,35265.83,1.958689
2022-01-24 06:55:00,35265.83,35302.74,35250.62,35263.39,1.9118
2022-01-24 07:00:00,35263.64,35265.15,35135.95,35155.57,4.031331
2022-01-24 07:05:00,35156.53,35221.06,35155.39,35193.0,1.963253
2022-01-24 07:10:00,35188.35,35241.51,35109.6,35127.01,6.407645
2022-01-24 07:15:00,35125.1,35215.09,35125.1,35164.28,2.375054
2022-01-24 07:20:00,35183.72,35285.06,35171.39,35268.13,4.268323
2022-01-24 07:25:00,35264.6,35330.02,35188.69,35236.99,5.550587
2022-01-24 07:30:00,35231.91,35320.89,35162.31,35225.86,6.980152
2022-01-24 07:35:00,35224.25,35277.06,35207.15,35215.19,1.85921
2022-01-24 07:40:00,35216.98,35223.78,35004.44,35004.44,9.289883
2022-01-24 07:45:00,35013.47,35083.29,34965.01,35050.18,4.457972
2022-01-24 07:50:00,35043.92,35066.03,34951.98,34972.48,4.020339
2022-01-24 07:55:00,34962.41,34976.95,34847.3,34880.33,5.310373
2022-01-24 08:00:00,34887.9,35013.47,34859.75,34900.65,5.681514
2022-01-24 08:05:00,34901.06,35012.67,34899.6,34957.81,3.17687
2022-01-24 08:10:00,34957.82,35039.74,34938.36,35026.54,3.780857
2022-01-24 08:15:00,35018.72,35143.31,35015.86,35106.65,4.24787
2022-01-24 08:20:00,35104.7,35135.95,35056.98,35085.29,2.892705
2022-01-24 08:25:00,35087.47,35129.52,35007.27,35129.52,3.40522
2022-01-24 08:30:00,35135.95,35215.09,35114.97,35147.65,3.288664
2022-01-24 08:35:00,35145.24,35210.55,35145.02,35186.76,2.399852
2022-01-24 08:40:00,35178.68,35190.15,35101.91,35140.67,2.470369
2022-01-24 08:45:00,35139.27,35330.02,34899.6,35171.39,12.250409
2022-01-24 08:50:00,35176.42,35206.77,34990.6,34999.21,5.548982
2022-01-24 08:55:00,35001.87,35008.31,34899.6,34957.12,3.991747
2022-01-24 09:00:00,34954.4,35066.03,34899.6,35027.3,5.639783
2022-01-24 09:05:00,35030.71,35056.99,34951.98,34951.98,5.191608
2022-01-24 09:10:00,35004.45,35030.71,34899.6,34901.98,5.086732
2022-01-24 09:15:00,34899.6,34925.79,34716.86,34789.19,7.271398
2022-01-24 09:20:00,34769.52,34795.06,34552.85,34565.9,9.778329
2022-01-24 09:25:00,34571.0,34821.17,34509.17,34735.77,9.991424
2022-01-24 09:30:00,34728.88,34830.15,34690.83,34690.83,5.888936
2022-01-24 09:35:00,34690.83,34716.85,34586.9,34586.9,4.502857
2022-01-24 09:40:00,34587.47,34638.82,34483.3,34523.54,5.150108
2022-01-24 09:45:00,34516.09,34595.82,34457.44,34544.27,5.844476
2022-01-24 09:50:00,34555.12,34638.82,34548.06,34600.84,3.440566
2022-01-24 09:55:00,34598.25,34612.85,34483.3,34507.71,3.639997
2022-01-24 10:00:00,34509.23,34574.93,34467.55,34517.09,3.812634
2022-01-24 10:05:00,34516.38,34550.37,34302.75,34302.75,12.484238
2022-01-24 10:10:00,34302.75,34354.24,33560.01,33844.65,7.202027
2022-01-24 10:15:00,33856.84,34103.15,33594.59,33623.31,4.087513
2022-01-24 10:20:00,33619.46,33785.47,33501.02,33534.99,4.296355
2022-01-24 10:25:00,33566.35,33687.33,33517.6,33536.41,3.800666
2022-01-24 10:30:00,33536.06,33761.87,33534.36,33625.12,3.888525
2022-01-24 10:35:00,33625.12,33655.61,33443.65,33586.73,3.202349
2022-01-24 10:40:00,33577.72,33680.0,33547.23,33600.01,3.005263
2022-01-24 10:45:00,33600.01,33931.96,33534.2,33536.64,3.974014
2022-01-24 10:50:00,33543.0,33652.86,33360.44,33503.08,5.190705
2022-01-24 10:55:00,33502.28,33547.03,33239.51,33279.01,6.114225
2022-01-24 11:00:00,33276.57,33512.89,33071.26,33089.91,3.925704
2022-01-24 11:05:00,33075.24,33480.6,33028.68,33399.91,5.489298
2022-01-24 11:10:00,33396.9,33898.1,33378.11,33841.41,5.040121
2022-01-24 11:15:00,33846.66,34251.69,33632.13,33737.35,4.558733
2022-01-24 11:20:00,33748.9,33827.79,33685.64,33784.18,3.497469
2022-01-24 11:25:00,33788.21,33842.76,33675.58,33785.56,3.879509
2022-01-24 11:30:00,33781.32,33818.5,33647.44,33658.28,3.674936
2022-01-24 11:35:00,33628.92,33795.84,33614.48,33795.45,2.649921
2022-01-24 11:40:00,33794.42,33868.15,33721.76,33793.34,1.632735
2022-01-24 11:45:00,33793.34,33958.59,33793.34,33909.22,3.706647
2022-01-24 11:50:00,33903.16,33925.08,33614.53,33742.48,5.97119
2022-01-24 11:55:00,33732.15,33778.0,33638.1,33678.9,4.073203
2022-01-24 12:00:00,33678.92,33705.66,33538.72,33704.55,4.036399
2022-01-24 12:05:00,33696.84,33784.25,33639.88,33639.88,1.121808
2022-01-24 12:10:00,33665.69,33843.42,33639.88,33778.14,1.057737
2022-01-24 12:15:00,33649.31,33663.23,33427.57,33525.91,3.654042
2022-01-24 12:20:00,33520.2,33639.38,33397.3,33563.81,4.946891
2022-01-24 12:25:00,33558.22,33607.67,33461.23,33590.56,4.314577
2022-01-24 12:30:00,33575.28,33674.52,33465.37,33465.37,2.763779
2022-01-24 12:35:00,33560.74,33583.75,33444.71,33543.11,1.862396
2022-01-24 12:40:00,33535.99,33545.03,33314.55,33383.74,4.668035
2022-01-24 12:45:00,33391.3,33450.29,33015.77,33151.09,5.813685
2022-01-24 12:50:00,33155.2,33460.05,33086.2,33454.19,5.808478
2022-01-24 12:55:00,33445.81,33657.54,33090.38,33091.59,2.6048
2022-01-24 13:00:00,33093.63,33418.25,32849.68,33138.78,3.172136
2022-01-24 13:05:00,33170.94,33657.96,33090.71,33567.21,5.261785
2022-01-24 13:10:00,33575.4,33818.05,33482.02,33500.01,5.638157
2022-01-24 13:15:00,33500.01,33614.48,33311.4,33460.31,1.376306
2022-01-24 13:20:00,33460.31,33615.81,33274.94,33615.81,0.282791
2022-01-24 13:25:00,33507.51,33670.91,33463.72,33524.1,2.001817
2022-01-24 13:30:00,33515.88,33665.94,33385.02,33393.13,3.915255
2022-01-24 13:35:00,33391.42,33424.7,33306.23,33378.62,4.828617
2022-01-24 13:40:00,33393.14,33438.16,33256.01,33360.8,5.224222
2022-01-24 13:45:00,33343.02,33486.05,33343.02,33421.88,4.81892
2022-01-24 13:50:00,33423.63,33536.29,33372.35,33474.85,4.490906
2022-01-24 13:55:00,33469.86,33559.5,33320.66,33344.72,5.003909
2022-01-24 14:00:00,33332.67,33414.75,33200.56,33354.38,4.172689
2022-01-24 14:05:00,33307.06,33353.16,32992.77,33123.88,0.723459
2022-01-24 14:10:00,33186.83,33408.9,33068.72,33408.9,0.307378
2022-01-24 14:15:00,33408.9,33467.65,32595.86,33342.67,1.26858
2022-01-24 14:20:00,33444.71,33511.4,33274.94,33511.4,0.301
2022-01-24 14:25:00,33486.69,33614.48,33319.34,33559.95,0.620566
2022-01-24 14:30:00,33614.48,33784.25,31640.65,33707.2,1.896661
2022-01-24 14:35:00,33650.16,33843.42,33650.16,33837.52,0.668486
2022-01-24 14:40:00,33837.52,33868.81,33742.04,33767.36,1.247972
2022-01-24 14:45:00,33782.52,33817.67,33614.48,33777.2,0.737926
2022-01-24 14:50:00,33777.2,33784.25,33488.42,33745.55,1.167741
2022-01-24 14:55:00,33490.23,33818.05,20000.0,33728.59,4.031931
2022-01-24 15:00:00,33728.59,33847.13,33560.37,33666.2,2.832764
2022-01-24 15:05:00,33666.2,33784.25,33470.32,33574.29,0.739583
2022-01-24 15:10:00,33470.32,33574.29,33274.94,33554.0,0.604515
2022-01-24 15:15:00,33554.0,33554.0,33418.17,33432.44,0.219025
2022-01-24 15:20:00,33432.44,33708.59,33410.58,33702.59,4.032506
2022-01-24 15:25:00,33703.08,34056.69,33699.0,33875.71,7.986859
2022-01-24 15:30:00,33867.01,34236.4,33844.36,34178.53,5.302584
2022-01-24 15:35:00,34145.7,34341.21,33954.13,34200.09,5.012987
2022-01-24 15:40:00,34200.09,34210.0,34067.98,34164.59,2.078734
2022-01-24 15:45:00,34164.59,34210.0,33977.89,34110.2,0.197792
2022-01-24 15:50:00,34110.2,34247.16,33989.38,34247.16,2.280096
2022-01-24 15:55:00,34087.0,34315.71,34087.0,34250.5,1.256382
2022-01-24 16:00:00,34298.59,34298.59,34007.85,34178.31,1.725662
2022-01-24 16:05:00,34178.31,34178.31,33954.02,34177.94,1.075595
2022-01-24 16:10:00,34013.93,34123.8,33876.83,34123.8,0.168328
2022-01-24 16:15:00,34123.8,34341.46,34084.8,34332.54,1.26522
2022-01-24 16:20:00,34332.54,34341.46,34212.91,34299.48,1.24815
2022-01-24 16:25:00,34299.48,34341.46,10000.0,33450.04,1.606999
2022-01-24 16:30:00,33450.04,33450.04,33274.94,33424.96,0.9535
2022-01-24 16:35:00,33424.96,34396.43,33424.96,34229.01,5.477085
2022-01-24 16:40:00,34222.45,34225.98,34083.0,34106.63,3.857921
2022-01-24 16:45:00,34108.01,34150.56,33776.19,33848.62,4.73342
2022-01-24 16:50:00,33827.81,34134.19,33768.53,34022.74,6.347513
2022-01-24 16:55:00,34022.74,34429.83,34014.23,34425.76,5.680292
2022-01-24 17:00:00,34383.01,34440.36,34099.37,34377.83,4.072781
2022-01-24 17:05:00,34380.42,34406.05,34275.58,34345.12,3.037216
2022-01-24 17:10:00,34336.56,34381.45,34073.81,34297.46,3.875486
2022-01-24 17:15:00,34296.9,34357.23,34073.81,34328.93,4.972506
2022-01-24 17:20:00,34328.38,34672.83,34022.74,34585.74,6.871808
2022-01-24 17:25:00,34556.7,34701.44,34473.97,34651.94,5.38379
2022-01-24 17:30:00,34637.36,34919.79,34603.49,34914.74,5.805269
2022-01-24 17:35:00,34914.74,34954.38,34759.54,34954.38,3.603705
2022-01-24 17:40:00,34954.38,35371.83,34889.57,35171.95,7.815333
2022-01-24 17:45:00,35171.95,35447.32,34976.9,35410.47,7.42507
2022-01-24 17:50:00,35400.69,35484.34,35291.0,35484.34,4.31609
2022-01-24 17:55:00,35484.34,35510.96,35353.91,35382.99,3.096737
2022-01-24 18:00:00,35363.11,35437.93,35190.48,35305.52,3.22031
2022-01-24 18:05:00,35306.97,35919.14,35238.52,35678.97,5.423732
2022-01-24 18:10:00,35685.1,35979.6,35470.58,35898.61,4.324816
2022-01-24 18:15:00,35895.52,36274.18,35747.29,36154.65,3.853704
2022-01-24 18:20:00,36162.79,36176.47,35780.05,35820.63,3.440459
2022-01-24 18:25:00,35802.93,35892.35,35733.34,35780.02,2.800726
2022-01-24 18:30:00,35765.89,35955.96,35672.96,35955.96,7.306437
2022-01-24 18:35:00,35955.96,35980.23,35818.69,35953.25,3.931679
2022-01-24 18:40:00,35937.7,36007.23,35859.64,35932.0,4.815675
2022-01-24 18:45:00,35929.31,36305.55,35899.37,36251.13,8.353229
2022-01-24 18:50:00,36251.13,36386.42,36149.3,36251.56,6.385044
2022-01-24 18:55:00,36254.54,36294.69,36122.2,36172.53,3.945797
2022-01-24 19:00:00,36173.45,36290.37,36115.44,36115.44,4.899518
2022-01-24 19:05:00,36115.44,36185.25,36061.3,36096.81,3.345491
2022-01-24 19:10:00,36096.81,36168.05,35926.3,35935.32,4.245309
2022-01-24 19:15:00,35934.82,35978.46,35795.04,35883.64,4.341265
2022-01-24 19:20:00,35859.53,36029.69,35792.3,35792.3,6.011418
2022-01-24 19:25:00,35791.84,35867.53,35754.61,35843.58,3.59027
2022-01-24 19:30:00,35845.93,35969.8,35845.56,35845.56,4.070829
2022-01-24 19:35:00,35845.56,35845.56,35661.76,35739.28,5.031372
2022-01-24 19:40:00,35737.84,35835.15,35690.87,35772.13,3.677857
2022-01-24 19:45:00,35774.07,35845.6,35685.71,35845.6,4.398461
2022-01-24 19:50:00,35845.6,35953.28,35786.19,35934.94,3.731754
2022-01-24 19:55:00,35947.29,36064.86,35862.05,36064.86,4.090267
2022-01-24 20:00:00,36066.39,36169.68,35953.29,36017.18,7.120685
2022-01-24 20:05:00,36010.83,36201.97,35926.33,36115.47,8.443892
2022-01-24 20:10:00,36115.47,36217.99,36034.29,36217.99,5.433577
2022-01-24 20:15:00,36217.99,36302.58,36061.33,36090.54,5.770089
2022-01-24 20:20:00,36097.24,36205.0,36097.24,36122.16,3.010529
2022-01-24 20:25:00,36122.16,36148.67,36007.27,36086.48,4.061019
2022-01-24 20:30:00,36072.63,36305.58,36034.29,36295.0,5.389168
2022-01-24 20:35:00,36300.0,36496.68,36280.1,36489.15,6.692275
2022-01-24 20:40:00,36471.98,36496.68,36305.58,36381.85,3.695273
2022-01-24 20:45:00,36398.71,36578.88,36392.32,36487.56,5.13978
2022-01-24 20:50:00,36490.9,37103.87,36452.4,37103.87,9.00563
2022-01-24 20:55:00,37000.0,37411.24,36992.72,37215.34,6.304574
2022-01-24 21:00:00,37215.34,37277.4,36826.64,36826.64,5.313468
2022-01-24 21:05:00,36826.64,36971.49,36826.64,36946.58,3.195596
2022-01-24 21:10:00,36927.66,37055.01,36909.58,36909.58,3.692078
2022-01-24 21:15:00,36909.58,37031.07,36820.0,37021.22,4.106273
2022-01-24 21:20:00,37021.29,37045.21,36827.1,36891.53,3.15762
2022-01-24 21:25:00,36866.63,36948.94,36835.19,36886.98,2.417738
2022-01-24 21:30:00,36889.95,36992.72,36854.26,36992.72,3.106037
2022-01-24 21:35:00,36992.72,37048.25,36937.27,36937.27,3.183245
2022-01-24 21:40:00,36940.02,36960.2,36839.34,36870.55,2.909191
2022-01-24 21:45:00,36875.05,36908.21,36743.87,36743.87,2.835476
2022-01-24 21:50:00,36743.87,36854.27,36740.67,36795.13,3.180805
2022-01-24 21:55:00,36797.26,36862.81,36779.79,36826.41,2.105094
2022-01-24 22:00:00,36807.81,36820.65,36688.8,36762.75,2.278477
2022-01-24 22:05:00,36752.01,36772.34,36633.8,36689.0,2.229047
2022-01-24 22:10:00,36681.67,36796.87,36633.8,36782.74,1.675568
2022-01-24 22:15:00,36786.05,36822.95,36716.33,36753.25,1.74127
2022-01-24 22:20:00,36755.87,36767.21,36633.8,36649.81,0.926667
2022-01-24 22:25:00,36645.03,36694.34,36536.26,36571.14,1.93919
2022-01-24 22:30:00,36566.12,36567.06,36332.82,36335.07,3.418542
2022-01-24 22:35:00,36335.07,36496.68,36305.58,36360.08,3.349253
2022-01-24 22:40:00,36360.08,36480.48,36360.08,36480.35,1.590865
2022-01-24 22:45:00,36477.01,36477.01,36348.64,36378.17,1.749831
2022-01-24 22:50:00,36376.13,36433.52,36362.01,36395.87,1.715442
2022-01-24 22:55:00,36397.47,36428.36,36278.36,36400.54,3.903354
2022-01-24 23:00:00,36369.44,36496.68,36278.36,36385.29,5.073069
2022-01-24 23:05:00,36385.29,36521.99,36370.42,36511.99,2.425076
2022-01-24 23:10:00,36511.99,36560.32,36485.26,36532.28,2.581674
2022-01-24 23:15:00,36532.2,36685.37,36524.49,36685.37,4.168756
2022-01-24 23:20:00,36675.62,36688.79,36537.87,36547.36,2.655637
2022-01-24 23:25:00,36537.39,36593.74,36496.67,36534.25,2.236017
2022-01-24 23:30:00,36525.56,36630.16,36465.92,36595.65,3.535627
2022-01-24 23:35:00,36597.1,36688.79,36524.05,36648.14,3.121705
2022-01-24 23:40:00,36652.66,36716.32,36578.88,36680.48,2.615317
2022-01-24 23:45:00,36682.78,36759.25,36671.16,36682.07,2.165624
2022-01-24 23:50:00,36680.0,36716.32,36619.56,36700.81,2.460471
2022-01-24 23:55:00,36698.64,36705.0,36631.57,36673.27,1.693423
2022-01-25 00:00:00,36664.92,36687.43,36524.05,36635.35,3.983533
2022-01-25 00:05:00,36622.02,36629.8,36387.36,36426.84,4.214771
2022-01-25 00:10:00,36402.91,36530.18,36397.0,36496.68,3.760336
2022-01-25 00:15:00,36496.68,36639.94,36448.08,36608.03,4.780047
2022-01-25 00:20:00,36597.12,36639.94,36416.62,36420.27,4.217472
2022-01-25 00:25:00,36424.77,36482.54,36278.36,36278.36,3.389602
2022-01-25 00:30:00,36278.36,36360.08,36277.38,36309.52,2.90207
2022-01-25 00:35:00,36298.24,36359.1,36251.16,36316.77,2.599258
2022-01-25 00:40:00,36319.44,36379.6,36278.36,36334.36,2.992747
2022-01-25 00:45:00,36337.97,36366.72,36185.85,36231.69,3.122765
2022-01-25 00:50:00,36231.7,36238.85,36088.39,36099.23,2.959547
2022-01-25 00:55:00,36095.85,36106.87,36016.32,36042.16,3.235064
2022-01-25 01:00:00,36039.42,36142.56,36037.56,36077.47,4.322815
2022-01-25 01:05:00,36079.77,36169.68,36061.33,36103.72,3.231079
2022-01-25 01:10:00,36105.57,36143.57,35979.3,35995.61,3.512084
2022-01-25 01:15:00,35987.15,36074.23,35959.21,36069.02,3.715292
2022-01-25 01:20:00,36069.02,36142.55,36034.29,36080.0,3.67182
2022-01-25 01:25:00,36075.69,36169.68,36043.91,36119.76,3.682802
2022-01-25 01:30:00,36121.01,36183.08,36061.32,36088.39,2.956191
2022-01-25 01:35:00,36091.91,36168.69,36007.27,36099.68,4.083042
2022-01-25 01:40:00,36077.76,36087.0,36019.84,36019.85,2.746073
2022-01-25 01:45:00,36029.44,36142.56,36016.38,36120.09,2.926948
2022-01-25 01:50:00,36118.94,36165.57,36061.33,36138.92,2.716976
2022-01-25 01:55:00,36111.34,36169.68,36061.33,36124.16,2.783887
2022-01-25 02:00:00,36122.0,36168.69,36087.14,36125.4,2.295395
2022-01-25 02:05:00,36126.68,36223.98,36044.54,36174.95,4.041586
2022-01-25 02:10:00,36176.43,36243.98,36175.53,36187.61,2.097908
2022-01-25 02:15:00,36182.26,36234.23,36128.24,36135.41,2.039954
2022-01-25 02:20:00,36125.01,36161.89,36088.39,36104.23,2.275951
2022-01-25 02:25:00,36104.38,36196.82,36104.38,36164.4,2.219344
2022-01-25 02:30:00,36159.51,36222.99,36159.5,36162.87,2.500528
2022-01-25 02:35:00,36154.62,36201.15,36140.68,36150.01,1.710537
2022-01-25 02:40:00,36152.17,36219.0,36152.17,36173.15,1.720383
2022-01-25 02:45:00,36165.39,36277.37,36165.39,36259.37,2.521638
2022-01-25 02:50:00,36260.32,36331.83,36248.03,36328.79,2.938457
2022-01-25 02:55:00,36320.02,36331.27,36223.98,36315.77,2.273097
2022-01-25 03:00:00,36317.27,36332.82,36226.45,36241.28,1.992512
2022-01-25 03:05:00,36240.58,36280.5,36169.69,36211.78,2.79082
2022-01-25 03:10:00,36206.33,36210.63,36169.69,36196.59,1.684591
2022-01-25 03:15:00,36196.59,36246.25,36169.69,36240.0,2.06572
2022-01-25 03:20:00,36241.83,36250.37,36188.29,36220.01,1.463671
2022-01-25 03:25:00,36220.01,36265.21,36211.41,36255.14,2.036866
2022-01-25 03:30:00,36257.14,36411.33,36257.13,36344.01,3.760348
2022-01-25 03:35:00,36324.51,36380.94,36305.58,36367.06,2.106794
2022-01-25 03:40:00,36364.12,36367.34,36312.29,36338.65,1.581363
2022-01-25 03:45:00,36338.66,36342.23,36278.36,36290.64,1.899114
2022-01-25 03:50:00,36291.0,36409.52,36287.53,36396.0,2.388875
2022-01-25 03:55:00,36393.66,36441.98,36380.02,36424.47,2.415273
2022-01-25 04:00:00,36424.48,36494.45,36387.36,36392.84,2.28455
2022-01-25 04:05:00,36391.04,36441.0,36353.91,36429.52,2.1359
2022-01-25 04:10:00,36430.0,36436.4,36360.48,36376.21,1.556687
2022-01-25 04:15:00,36350.74,36414.45,36332.82,36332.82,1.551689
2022-01-25 04:20:00,36333.48,36399.92,36332.82,36355.63,2.062758
2022-01-25 04:25:00,36368.42,36414.65,36353.06,36390.48,1.319522
2022-01-25 04:30:00,36396.61,36413.86,36305.58,36305.58,1.833811
2022-01-25 04:35:00,36305.58,36305.58,36155.66,36166.19,3.383366
2022-01-25 04:40:00,36166.29,36250.17,36147.88,36194.74,2.01927
2022-01-25 04:45:00,36194.09,36194.11,36061.9,36074.57,3.325956
2022-01-25 04:50:00,36073.38,36080.08,35935.0,35953.83,3.228056
2022-01-25 04:55:00,35950.0,35995.77,35899.4,35962.81,2.512882
2022-01-25 05:00:00,35948.17,36007.26,35912.23,36007.26,2.681738
2022-01-25 05:05:00,36007.26,36109.81,35980.27,36069.45,3.495598
2022-01-25 05:10:00,36056.97,36115.46,36055.29,36086.61,1.995324
2022-01-25 05:15:00,36090.22,36096.64,35953.29,35958.47,2.509615
2022-01-25 05:20:00,35953.29,35971.99,35898.45,35903.9,2.81776
2022-01-25 05:25:00,35898.45,35922.18,35836.0,35861.55,2.498611
2022-01-25 05:30:00,35841.01,35953.28,35841.0,35896.43,2.699345
2022-01-25 05:35:00,35892.1,35957.62,35892.1,35926.29,2.403383
2022-01-25 05:40:00,35926.78,36024.17,35922.22,36017.61,2.530716
2022-01-25 05:45:00,36021.92,36051.0,35964.89,35968.0,1.748183
2022-01-25 05:50:00,35976.44,36045.42,35953.29,36020.33,2.348605
2022-01-25 05:55:00,36020.42,36083.62,36001.0,36060.0,1.893746
2022-01-25 06:00:00,36054.82,36110.4,36030.76,36037.11,2.026124
2022-01-25 06:05:00,36041.0,36115.46,36031.7,36070.73,1.973548
2022-01-25 06:10:00,36062.17,36089.34,36007.27,36011.26,1.841563
2022-01-25 06:15:00,36007.64,36071.68,35983.44,36020.76,2.141522
2022-01-25 06:20:00,36013.97,36023.58,35952.33,35992.02,2.911028
2022-01-25 06:25:00,35992.04,36002.56,35949.63,35985.12,1.407332
2022-01-25 06:30:00,35986.09,36061.32,35957.47,36061.32,2.236629
2022-01-25 06:35:00,36061.32,36099.43,35998.53,36048.63,2.838262
2022-01-25 06:40:00,36023.46,36030.74,35917.74,35921.03,2.489521
2022-01-25 06:45:00,35913.0,35975.89,35900.81,35942.67,2.275634
2022-01-25 06:50:00,35932.18,35950.0,35907.59,35915.48,1.597721
2022-01-25 06:55:00,35909.44,35933.42,35845.59,35845.59,2.40638
2022-01-25 07:00:00,35845.59,35930.03,35826.13,35829.79,1.949231
2022-01-25 07:05:00,35825.01,35870.58,35765.04,35765.04,2.806634
2022-01-25 07:10:00,35765.04,35783.52,35712.48,35725.01,2.53379
2022-01-25 07:15:00,35725.05,35770.09,35685.71,35742.03,2.500017
2022-01-25 07:20:00,35743.85,35819.77,35712.48,35819.77,2.765844
2022-01-25 07:25:00,35819.77,35899.4,35805.01,35871.38,2.240377
2022-01-25 07:30:00,35868.46,36028.41,35850.0,36028.41,3.799838
2022-01-25 07:35:00,36024.52,36034.28,35933.24,36003.83,2.193278
2022-01-25 07:40:00,35983.16,36054.28,35983.16,36054.28,1.729413
2022-01-25 07:45:00,36056.45,36057.76,35953.29,35990.03,1.597231
2022-01-25 07:50:00,35985.21,36073.48,35952.33,36043.06,2.578032
2022-01-25 07:55:00,36032.62,36115.46,36007.27,36051.24,2.72377
2022-01-25 08:00:00,36044.02,36251.16,36007.27,36199.99,4.902442
2022-01-25 08:05:00,36192.14,36203.13,36088.39,36118.74,2.907975
2022-01-25 08:10:00,36115.6,36223.98,36095.76,36223.98,3.410483
2022-01-25 08:15:00,36223.98,36495.29,36200.0,36483.11,5.524264
2022-01-25 08:20:00,36443.16,36496.68,36305.58,36327.91,4.144361
2022-01-25 08:25:00,36332.82,36357.01,36149.45,36168.41,4.056749
2022-01-25 08:30:00,36169.97,36216.39,36034.29,36083.12,5.012182
2022-01-25 08:35:00,36074.59,36151.03,36061.75,36130.0,2.749972
2022-01-25 08:40:00,36117.26,36238.92,36117.25,36226.21,3.404281
2022-01-25 08:45:00,36222.51,36278.36,36153.71,36254.56,3.013112
2022-01-25 08:50:00,36254.34,36305.58,36175.02,36183.86,2.712875
2022-01-25 08:55:00,36180.3,36251.16,36061.33,36071.97,4.47418
2022-01-25 09:00:00,36074.64,36141.57,36033.3,36121.96,3.632438
2022-01-25 09:05:00,36120.99,36223.95,36110.04,36210.24,3.542962
2022-01-25 09:10:00,36202.8,36245.35,36115.83,36198.49,2.978091
2022-01-25 09:15:00,36192.57,36278.36,36175.58,36192.26,2.994078
2022-01-25 09:20:00,36195.95,36332.82,36195.95,36328.64,2.979067
2022-01-25 09:25:00,36324.76,36395.99,36300.7,36393.29,3.279727
2022-01-25 09:30:00,36364.75,36414.66,36338.48,36387.98,2.32902
2022-01-25 09:35:00,36371.77,36428.05,36305.58,36400.5,2.879424
2022-01-25 09:40:00,36381.13,36418.39,36278.36,36303.67,3.089063
2022-01-25 09:45:00,36304.07,36387.36,36278.36,36332.19,2.687307
2022-01-25 09:50:00,36331.48,36495.79,36315.8,36480.54,4.080516
2022-01-25 09:55:00,36481.69,36504.8,36400.0,36400.0,2.33764
2022-01-25 10:00:00,36400.0,36436.0,36352.46,36369.18,2.610527
2022-01-25 10:05:00,36369.28,36496.68,36338.48,36496.68,3.38637
2022-01-25 10:10:00,36493.16,36606.32,36476.29,36557.44,3.806301
2022-01-25 10:15:00,36560.24,36739.52,36559.13,36571.53,3.841078
2022-01-25 10:20:00,36573.97,36616.6,36469.95,36479.0,3.145079
2022-01-25 10:25:00,36481.99,36531.37,36453.62,36474.39,2.542894
2022-01-25 10:30:00,36474.39,36514.99,36414.65,36414.93,2.352939
2022-01-25 10:35:00,36419.48,36425.09,36337.23,36373.54,3.224706
2022-01-25 10:40:00,36378.31,36405.4,36332.82,36332.82,2.103389
2022-01-25 10:45:00,36338.92,36397.97,36305.58,36337.39,1.983766
2022-01-25 10:50:00,36337.86,36441.0,36305.58,36390.29,2.517786
2022-01-25 10:55:00,36398.55,36441.98,36380.0,36431.4,2.33734
2022-01-25 11:00:00,36422.71,36523.08,36346.4,36523.08,4.356329
2022-01-25 11:05:00,36523.08,36568.57,36483.62,36568.57,2.683423
2022-01-25 11:10:00,36564.69,36564.69,36520.18,36550.14,2.316783
2022-01-25 11:15:00,36539.44,36578.88,36414.65,36428.37,3.186069
2022-01-25 11:20:00,36426.31,36454.01,36250.18,36286.13,4.703799
2022-01-25 11:25:00,36297.46,36310.85,36191.17,36271.27,5.374504
2022-01-25 11:30:00,36261.5,36332.82,36227.72,36310.0,4.495025
2022-01-25 11:35:00,36310.69,36387.36,36251.16,36278.36,5.505969
2022-01-25 11:40:00,36304.13,36332.83,36199.15,36331.83,5.539559
2022-01-25 11:45:00,36264.28,36441.0,36199.15,36436.75,6.032483
2022-01-25 11:50:00,36429.47,36441.98,36349.6,36349.6,1.934877
2022-01-25 11:55:00,36344.35,36469.32,36305.58,36386.38,3.173972
2022-01-25 12:00:00,36396.33,36468.34,36333.15,36333.15,3.289703
2022-01-25 12:05:00,36333.61,36347.52,36256.61,36266.0,2.667419
2022-01-25 12:10:00,36252.85,36319.65,36169.69,36309.99,3.699272
2022-01-25 12:15:00,36280.76,36373.24,36213.0,36365.97,3.553309
2022-01-25 12:20:00,36358.36,36462.92,36350.01,36371.87,2.97065
2022-01-25 12:25:00,36373.95,36468.85,36373.95,36443.25,2.076961
2022-01-25 12:30:00,36435.75,36519.04,36398.65,36470.91,3.486866
2022-01-25 12:35:00,36475.5,36606.32,36458.07,36606.32,3.363217
2022-01-25 12:40:00,36604.97,36688.01,36575.11,36652.03,3.652217
2022-01-25 12:45:00,36656.09,36666.0,36577.9,36586.46,2.320933
2022-01-25 12:50:00,36588.69,36620.45,36500.0,36518.11,2.748181
2022-01-25 12:55:00,36520.63,36574.93,36500.23,36519.79,1.87103
2022-01-25 13:00:00,36518.01,36579.26,36496.67,36507.91,2.603729
2022-01-25 13:05:00,36507.95,36528.11,36350.82,36350.86,3.587164
2022-01-25 13:10:00,36345.97,36429.53,36345.97,36429.53,2.509603
2022-01-25 13:15:00,36420.83,36524.06,36383.43,36516.39,3.236862
2022-01-25 13:20:00,36516.41,36538.48,36404.01,36457.72,3.161258
2022-01-25 13:25:00,36456.93,36472.15,36281.4,36306.0,3.290266
2022-01-25 13:30:00,36295.0,36373.24,36268.0,36369.04,3.988556
2022-01-25 13:35:00,36370.0,36427.84,36364.01,36412.34,2.879766
2022-01-25 13:40:00,36413.15,36427.84,36349.72,36414.46,2.351409
2022-01-25 13:45:00,36418.11,36447.06,36374.46,36428.99,2.286814
2022-01-25 13:50:00,36429.0,36482.52,36351.06,36360.0,3.392604
2022-01-25 13:55:00,36357.23,36516.09,36351.02,36508.77,3.586435
2022-01-25 14:00:00,36489.62,36520.18,36383.41,36496.2,3.475891
2022-01-25 14:05:00,36504.16,36592.12,36470.8,36590.45,3.261536
2022-01-25 14:10:00,36582.43,36619.57,36520.18,36607.39,3.064014
2022-01-25 14:15:00,36607.55,36729.6,36590.01,36700.01,4.435254
2022-01-25 14:20:00,36699.76,36825.63,36672.01,36804.0,4.103063
2022-01-25 14:25:00,36792.65,36801.75,36566.48,36592.76,4.280315
2022-01-25 14:30:00,36580.01,36666.05,36482.51,36603.06,5.290418
2022-01-25 14:35:00,36603.06,37033.99,36565.58,36952.02,7.985114
2022-01-25 14:40:00,36939.31,37048.34,36771.52,36812.46,5.91933
2022-01-25 14:45:00,36812.46,36819.04,36537.27,36537.27,5.93851
2022-01-25 14:50:00,36537.27,36578.32,36345.0,36359.64,6.143449
2022-01-25 14:55:00,36359.63,36469.4,36264.28,36295.56,10.483795
2022-01-25 15:00:00,36295.56,36409.44,36006.29,36104.39,12.056225
2022-01-25 15:05:00,36110.87,36251.16,36095.65,36244.88,9.394648
2022-01-25 15:10:00,36244.6,36441.98,36164.19,36409.42,9.247624
2022-01-25 15:15:00,36435.58,36527.0,36353.06,36460.88,8.376572
2022-01-25 15:20:00,36460.87,36460.88,36278.36,36332.45,6.647598
2022-01-25 15:25:00,36387.36,36441.98,36327.45,36369.38,1.101022
2022-01-25 15:30:00,36369.38,36441.98,36332.82,36406.3,0.239005
2022-01-25 15:35:00,36406.3,36496.68,36332.82,36443.22,1.195014
2022-01-25 15:40:00,36443.22,36443.22,36420.53,36443.22,0.19476
2022-01-25 15:45:00,36416.06,36443.22,36391.32,36391.32,0.202811
2022-01-25 15:50:00,36443.22,36443.22,36391.32,36443.22,0.080529
2022-01-25 15:55:00,36443.22,36443.22,36410.07,36443.22,0.245012
2022-01-25 16:00:00,36387.36,36443.22,36387.36,36435.91,0.554339
2022-01-25 16:05:00,36435.91,36443.22,36387.36,36443.22,0.251071
2022-01-25 16:10:00,36442.58,36443.22,36387.36,36443.22,0.096971
2022-01-25 16:15:00,36443.22,36469.4,36387.36,36406.3,0.168729
2022-01-25 16:20:00,36469.4,36826.64,36406.3,36826.64,6.919795
2022-01-25 16:25:00,36817.09,36854.27,36688.87,36781.62,3.231923
2022-01-25 16:30:00,36775.03,36823.3,36716.4,36765.22,4.307734
2022-01-25 16:35:00,36771.81,36793.1,36670.41,36705.0,3.922443
2022-01-25 16:40:00,36695.21,36875.65,36661.29,36870.02,5.592355
2022-01-25 16:45:00,36858.4,36974.13,36829.14,36939.17,5.009523
2022-01-25 16:50:00,36926.01,37048.26,36909.92,37040.75,5.015628
2022-01-25 16:55:00,37039.86,37070.92,36799.03,36831.98,7.385283
2022-01-25 17:00:00,36830.06,36992.72,36800.91,36992.72,5.603813
2022-01-25 17:05:00,36992.72,37157.0,36957.55,37071.34,6.239277
2022-01-25 17:10:00,37080.04,37211.12,37008.08,37198.34,5.799308
2022-01-25 17:15:00,37201.98,37243.27,37076.05,37229.01,6.292312
2022-01-25 17:20:00,37233.71,37460.19,37217.38,37370.81,6.546177
2022-01-25 17:25:00,37373.14,37411.25,37271.21,37330.88,4.583756
2022-01-25 17:30:00,37319.27,37319.29,37187.44,37224.07,1.254294
2022-01-25 17:35:00,37202.65,37322.1,37187.44,37222.97,1.065945
2022-01-25 17:40:00,37271.94,37327.15,37215.34,37296.92,0.665686
2022-01-25 17:45:00,37306.92,37355.16,37181.5,37217.18,1.993439
2022-01-25 17:50:00,37217.18,37256.09,37173.06,37192.9,1.85332
2022-01-25 17:55:00,37182.11,37293.14,37075.67,37273.89,6.76167
2022-01-25 18:00:00,37269.37,37284.84,37123.01,37191.06,4.886825
2022-01-25 18:05:00,37187.7,37210.55,37057.51,37176.58,5.240372
2022-01-25 18:10:00,37177.75,37283.75,37167.47,37260.99,4.066075
2022-01-25 18:15:00,37246.06,37360.66,37242.55,37355.86,4.176951
2022-01-25 18:20:00,37329.86,37365.6,37290.01,37360.74,3.704683
2022-01-25 18:25:00,37330.42,37496.01,37329.94,37420.02,7.357449
2022-01-25 18:30:00,37420.04,37493.0,37355.17,37433.15,4.45363
2022-01-25 18:35:00,37433.14,37464.65,37355.17,37371.35,3.969066
2022-01-25 18:40:00,37384.35,37392.99,37269.01,37272.98,3.68555
2022-01-25 18:45:00,37278.66,37355.0,37254.98,37339.97,3.885593
2022-01-25 18:50:00,37330.02,37411.24,37299.17,37343.02,4.463538
2022-01-25 18:55:00,37336.25,37352.03,37271.21,37323.26,3.560373
2022-01-25 19:00:00,37308.13,37328.94,37211.42,37228.0,4.050782
2022-01-25 19:05:00,37222.01,37257.21,37148.02,37187.91,4.590338
2022-01-25 19:10:00,37189.81,37355.16,37189.81,37342.21,5.136728
2022-01-25 19:15:00,37353.24,37404.9,37299.17,37343.28,4.054815
2022-01-25 19:20:00,37330.0,37402.64,37256.79,37271.08,3.047032
2022-01-25 19:25:00,37254.98,37254.98,37139.14,37164.39,4.242337
2022-01-25 19:30:00,37164.68,37186.13,36992.72,37007.26,4.571031
2022-01-25 19:35:00,37001.76,37079.81,36921.95,37011.96,6.072708
2022-01-25 19:40:00,37011.96,37215.35,36999.99,37207.67,5.549979
2022-01-25 19:45:00,37210.56,37268.63,37111.75,37119.84,4.142357
2022-01-25 19:50:00,37122.81,37231.76,37113.83,37161.28,3.736116
2022-01-25 19:55:00,37149.98,37203.0,37076.05,37076.05,2.748134
2022-01-25 20:00:00,37076.05,37081.79,36940.66,36946.85,4.978835
2022-01-25 20:05:00,36946.89,36960.61,36826.64,36842.7,5.107362
2022-01-25 20:10:00,36835.98,36900.0,36812.06,36866.46,3.707138
